batch,cell_id,split,cycle_life
Batch1,Batch1_C032,Train,731.0
Batch1,Batch1_C019,Train,788.0
Batch1,Batch1_C017,Train,857.0
Batch1,Batch1_C013,Train,897.0
Batch1,Batch1_C043,Train,651.0
Batch1,Batch1_C015,Train,719.0
Batch1,Batch1_C009,Train,1054.0
Batch1,Batch1_C016,Train,862.0
Batch1,Batch1_C037,Train,648.0
Batch1,Batch1_C031,Train,876.0
Batch1,Batch1_C027,Train,842.0
Batch1,Batch1_C000,Train,1190.0
Batch1,Batch1_C030,Train,709.0
Batch1,Batch1_C029,Train,917.0
Batch1,Batch1_C005,Train,1074.0
Batch1,Batch1_C011,Train,788.0
Batch1,Batch1_C033,Train,757.0
Batch1,Batch1_C001,Train,1179.0
Batch1,Batch1_C040,Train,966.0
Batch1,Batch1_C021,Train,559.0
Batch1,Batch1_C002,Train,1177.0
Batch1,Batch1_C034,Train,742.0
Batch1,Batch1_C023,Train,1014.0
Batch1,Batch1_C036,Train,704.0
Batch1,Batch1_C010,Train,906.0
Batch1,Batch1_C022,Train,891.0
Batch1,Batch1_C018,Train,691.0
Batch1,Batch1_C045,Train,599.0
Batch1,Batch1_C020,Train,534.0
Batch1,Batch1_C007,Train,870.0
Batch1,Batch1_C042,Train,702.0
Batch1,Batch1_C014,Train,880.0
Batch1,Batch1_C028,Train,860.0
Batch1,Batch1_C038,Train,617.0
Batch1,Batch1_C039,HoldoutValid,625.0
Batch1,Batch1_C025,HoldoutValid,854.0
Batch1,Batch1_C026,HoldoutValid,870.0
Batch1,Batch1_C044,HoldoutValid,616.0
Batch1,Batch1_C035,HoldoutValid,703.0
Batch1,Batch1_C041,HoldoutValid,1051.0
Batch1,Batch1_C004,HoldoutValid,1227.0
Batch1,Batch1_C012,HoldoutValid,902.0
Batch1,Batch1_C008,HoldoutValid,879.0
Batch1,Batch1_C003,HoldoutValid,1226.0
Batch1,Batch1_C006,HoldoutValid,636.0
Batch1,Batch1_C024,HoldoutValid,1017.0
