batch,cell_id,source_cell_index,charging_policy,cycle_life,predicted_cycle_life,signed_error_cycles,absolute_error_cycles,APE_percent,log_var_delta_Q,mean_QD,std_QD,mean_IR,mean_Tavg,mean_Tmax,mean_chargetime,delta_QD_100_10,missing_model_features,outside_train_range_features,policy_seen_in_train
Batch2,Batch2_C006,6,3.6C(9%)-5C,393.0,679.7679038062107,286.7679038062107,286.7679038062107,72.96893226621138,-3.53003968650195,1.092975573737374,0.0029110024261442,0.0160374687272727,33.81904518975318,39.79713499833347,10.17931370370378,0.0002542,,mean_Tmax,False
Batch2,Batch2_C018,18,5.2C(50%)-4.25C,449.0,704.3892316391214,255.38923163912136,255.38923163912136,56.87956161227647,-3.707302736176298,1.0825073353535355,0.0035423298441502,0.0166467427272727,32.88627829858526,36.40182568496011,10.174147626262664,0.0071778,,delta_QD_100_10,False
Batch2,Batch2_C019,19,6C(60%)-3C,392.0,614.0527145158949,222.05271451589488,222.05271451589488,56.64610064180992,-3.291958004542694,1.094755986868687,0.0028535583597285,0.0167182581515151,32.770067410122046,36.54883267067881,10.173763619528666,0.0006085999999998,,log_var_delta_Q,True
Batch2,Batch2_C015,15,3.6C(9%)-5C,396.0,604.4487670891929,208.44876708919287,208.44876708919287,52.63857754777598,-3.516251926776714,1.07504353030303,0.0030415483252091,0.0163038229292929,32.862747677246595,36.07268366663823,10.173053501683547,0.0058939,,delta_QD_100_10,False
Batch2,Batch2_C021,21,6C(60%)-3C,408.0,614.4121619416759,206.4121619416759,206.4121619416759,50.59121616217546,-3.326679075199306,1.1011154092929292,0.0111045389994756,0.0172002761717171,33.60118814118363,38.66076634232272,10.174732340067363,-0.0023162999999999,,"log_var_delta_Q,mean_QD,mean_Tmax",True
Batch2,Batch2_C030,30,5.6C(26%)-4.5C,412.0,607.4321842135364,195.4321842135364,195.4321842135364,47.434996168334074,-3.1854095592748743,1.0929829222222225,0.0034716484556627,0.0168832493333333,33.81182141567536,37.34308786098118,49.82939452861952,-0.0059188999999999,,"log_var_delta_Q,mean_chargetime",False
Batch2,Batch2_C005,5,3.6C(30%)-6C,416.0,601.7468108753573,185.74681087535728,185.74681087535728,44.65067569119165,-3.085881724279185,1.0879375151515152,0.0129694957621395,0.0152975889292929,33.01307013030371,37.65087846482749,10.198699713804723,-0.0227051999999998,,"log_var_delta_Q,delta_QD_100_10",False
Batch2,Batch2_C031,31,5.6C(26%)-4.5C,425.0,611.1737992340667,186.17379923406668,186.17379923406668,43.8055998197804,-3.35235883148731,1.0998533494949494,0.0017860116806856,0.0163258058282828,33.3758501254003,35.656391701768925,10.194512441077386,0.0020728,,mean_QD,False
Batch2,Batch2_C002,2,5.2C(50%)-4.25C,424.0,601.8794572295641,177.87945722956408,177.87945722956408,41.95270217678398,-3.4602483651128177,1.074663046666667,0.0112939031587666,0.016461098040404,33.17566129490617,37.429077970616994,10.17503702020208,-0.0057598,,,False
Batch2,Batch2_C024,24,4.8C(80%)-4.8C,514.0,727.0529138174821,213.05291381748216,213.05291381748216,41.44998323297318,-3.6408852680750527,1.0963041979797978,0.0024238139290483,0.0165153767171717,33.206377241160645,38.17140352057085,10.16999885521886,0.0062865999999999,,"mean_Tmax,delta_QD_100_10",True
Batch2,Batch2_C028,28,4.8C(80%)-4.8C,437.0,615.461882188847,178.46188218884697,178.46188218884697,40.83795931094897,-3.4234111691232063,1.095054122222222,0.0024796335011265,0.0162747393030303,32.143914131113334,35.334859521378185,49.80539951178444,0.0059302000000001,,"mean_chargetime,delta_QD_100_10",True
Batch2,Batch2_C041,41,5.6C(26%)-4.5C,442.0,618.4414288087413,176.4414288087413,176.4414288087413,39.918875296095315,-3.1723658101769976,1.1059561515151517,0.001773037623849,,30.193787010451164,32.72284623520075,49.81976715488214,0.0031053999999999,mean_IR,"log_var_delta_Q,mean_QD,mean_Tavg,mean_chargetime,delta_QD_100_10",False
Batch2,Batch2_C014,14,3.6C(30%)-6C,426.0,595.3251318554463,169.32513185544633,169.32513185544633,39.74768353414233,-3.118519966248836,1.0792566424242422,0.0035360729254499,0.0162595228282828,32.123877001585356,35.20046863818076,49.87950749158258,-0.0072919,,"log_var_delta_Q,mean_chargetime",False
Batch2,Batch2_C025,25,5.2C(58%)-4C,493.0,677.3362616600074,184.33626166000735,184.33626166000735,37.39072244624896,-3.5344779300217333,1.1022470464646466,0.0024452608617701,0.0167404158888888,32.23848796399698,34.442510549892894,10.172931649831629,0.0053560999999999,,"mean_QD,delta_QD_100_10",False
Batch2,Batch2_C011,11,5.2C(50%)-4.25C,449.0,616.6723406239084,167.67234062390844,167.67234062390844,37.343505706883846,-3.485393220979881,1.1010659737373738,0.0143686306256172,0.0172189415555555,33.146477466034135,37.95576609273272,10.173883215488235,0.0104718999999999,,"mean_QD,mean_Tmax,delta_QD_100_10",False
Batch2,Batch2_C029,29,5.2C(58%)-4C,452.0,618.6183145889459,166.61831458894585,166.61831458894585,36.86245897985528,-3.5082481790944344,1.1100257606060604,0.0037116416563656,0.0167322515151515,31.797490897448796,34.43823202248059,10.173048585858565,0.0102275,,"mean_QD,delta_QD_100_10",False
Batch2,Batch2_C026,26,5.6C(26%)-4.5C,450.0,610.5511540093423,160.55115400934233,160.55115400934233,35.678034224298294,-3.2220536077932804,1.10416721010101,0.0021634675797128,0.0177005725757575,33.75843376995604,36.91322322353181,49.8213119360269,4.099999999995774e-05,,"log_var_delta_Q,mean_QD,mean_chargetime",False
Batch2,Batch2_C004,4,4.65C(69%)-6C,444.0,601.3589701507725,157.3589701507725,157.3589701507725,35.44120949341723,-3.232506812226559,1.0859254535353535,0.0032305742589696,0.0161863178888888,33.04820861652687,37.435182660123296,10.231960420875373,-0.009355,,log_var_delta_Q,False
Batch2,Batch2_C012,12,4.65C(44%)-5C,466.0,621.2920149550239,155.2920149550239,155.2920149550239,33.3244667285459,-3.1679683681509765,1.104144308080808,0.0021044591743401,0.0165229203434343,31.314676947956993,33.5953920153671,10.1748585521886,0.0038705999999999,,"log_var_delta_Q,mean_QD,delta_QD_100_10",False
Batch2,Batch2_C013,13,4.65C(69%)-6C,460.0,611.7078584938974,151.70785849389745,151.70785849389745,32.97996923780379,-3.3444477218838284,1.0949361080808082,0.0014655567238952,0.0160671782222222,31.946988973926523,35.0716189725971,10.214119579124512,-0.0016714999999998,,log_var_delta_Q,False
Batch2,Batch2_C042,42,5.2C(50%)-4.25C,474.0,621.6239502602621,147.62395026026206,147.62395026026206,31.144293303852756,-3.482587648007536,1.107131119191919,0.0034315464163681,,31.709620029469267,35.574378964676875,10.175111565656564,0.0084904000000001,mean_IR,"mean_QD,delta_QD_100_10",False
Batch2,Batch2_C016,16,4.8C(80%)-4.8C,472.0,616.7556384369312,144.75563843693124,144.75563843693124,30.668567465451535,-3.494880991874622,1.0970297515151517,0.0019939284871606,0.0174905291515151,32.7673986704417,36.992036254667184,10.171620942760958,-0.0024861,,,True
Batch2,Batch2_C017,17,5.6C(26%)-4.5C,471.0,615.162714143317,144.16271414331698,144.16271414331698,30.60779493488683,-3.500344128474038,1.093923566666667,0.0022372462334261,0.0170886563232323,32.988612809790894,34.74907966738554,10.181222777777869,0.0018574999999998,,,False
Batch2,Batch2_C027,27,5.2C(50%)-4.25C,474.0,616.6723406239084,142.67234062390844,142.67234062390844,30.09964992065579,-3.48620363289781,1.0985360303030305,0.0027241230846826,0.0175886912222222,33.30411096115286,38.09066395642736,10.17464639730628,0.0069487999999999,,"mean_QD,mean_Tmax,delta_QD_100_10",False
Batch2,Batch2_C000,0,5.2C(58%)-4C,477.0,616.3195248206658,139.31952482066583,139.31952482066583,29.20744755150227,-3.4872647963011447,1.105088570707071,0.0031105730342623,0.0173358084949494,31.808470926230022,35.36620380400637,10.17325806397317,0.0015544999999999,,mean_QD,False
Batch2,Batch2_C010,10,4.8C(80%)-4.8C,492.0,618.6183145889459,126.61831458894584,126.61831458894584,25.73542979450119,-3.4509001132975605,1.1111783965656563,0.0116597207002002,0.0170579189090909,31.720791269063756,34.35574737651136,10.169499612794551,0.0063651999999998,,"mean_QD,delta_QD_100_10",True
Batch2,Batch2_C020,20,5.2C(58%)-4C,489.0,612.7967534158685,123.79675341586848,123.79675341586848,25.31630949199764,-3.441305431410401,1.1000841181818182,0.0021209181945641,0.0166108588888888,33.61911118506716,36.88625705741767,49.79333134680135,0.0038581999999998,,"mean_QD,mean_chargetime,delta_QD_100_10",False
Batch2,Batch2_C009,9,5.6C(26%)-4.5C-newstructure,791.0,986.467991807604,195.4679918076041,195.4679918076041,24.71150338907764,-4.344425682662564,1.0975024424242423,0.0018785527723185,0.0153962351212121,32.3508526526095,33.58605048865401,10.039928501683493,-0.0010336999999998,,mean_QD,False
Batch2,Batch2_C007,7,4.8C(80%)-4.8C-newstructure,777.0,965.9111533115168,188.91115331151673,188.91115331151673,24.312889744081943,-4.231670089905405,1.0930350373737374,0.0024698310807556,0.0147906225757575,33.769687089746824,37.14950685044426,10.035777525252517,0.0069276999999998,,"mean_IR,delta_QD_100_10",False
Batch2,Batch2_C003,3,4.65C(44%)-5C,499.0,616.6995055924215,117.69950559242147,117.69950559242147,23.587075269022343,-3.496242996974693,1.1014852565656563,0.0030443226622133,0.0159151695353535,33.93805810095692,38.772733971659186,10.173178956229002,0.0019006000000001,,"mean_QD,mean_Tavg,mean_Tmax",False
Batch2,Batch2_C001,1,5.6C(26%)-4.5C,491.0,606.0419246621118,115.0419246621118,115.0419246621118,23.430127222426027,-3.2980513654760366,1.1049235595959594,0.0034360631965072,0.0175523199191919,33.60099815475848,36.4516347052168,10.198514225589118,-0.0067692000000001,,"log_var_delta_Q,mean_QD",False
Batch2,Batch2_C046,46,4.8C(80%)-4.8C,503.0,620.8192695225495,117.81926952254946,117.81926952254946,23.423314020387565,-3.5088751328187,1.102562018181818,0.002316781567631,,29.88150861827619,31.01220065415558,49.80284373737375,-0.0018171,mean_IR,"mean_QD,mean_Tavg,mean_chargetime",True
Batch2,Batch2_C044,44,5.2C(58%)-4C-newstructure,841.0,997.7141652325768,156.71416523257687,156.71416523257687,18.634264593647664,-4.36452348032534,1.0976287414141412,0.0012906300199396,,33.95995836968299,36.8790253111546,49.66138013468012,-0.0010189,mean_IR,"mean_QD,mean_Tavg,mean_chargetime",False
Batch2,Batch2_C033,33,5.2C(58%)-4C-newstructure,1140.0,933.3428822827398,-206.65711771726023,206.65711771726023,18.127817343619316,-4.23162831933775,1.0705903191919193,0.0150280608007607,0.0149909874444444,32.74157143407892,34.30263809635044,10.03956353535346,-0.0057663999999999,,mean_IR,False
Batch2,Batch2_C032,32,4.8C(80%)-4.8C-newstructure,809.0,953.1264703031044,144.12647030310438,144.12647030310438,17.815385698776808,-4.131466155166347,1.0900473909090909,0.0030514738774422,0.0148111714242424,32.16894887045923,33.94637920302099,49.67143777777785,-0.0038062999999999,,"mean_IR,mean_chargetime",False
Batch2,Batch2_C034,34,5.6C(26%)-4.5C-newstructure,1186.0,993.1007994010308,-192.89920059896903,192.89920059896903,16.264688077484745,-4.448585173324752,1.0671324676767675,0.0020980947717854,0.0149528839393939,35.66789148456313,38.96110461672359,49.6776396632997,-0.0043455999999999,,"mean_IR,mean_Tavg,mean_Tmax,mean_chargetime",False
Batch2,Batch2_C043,43,4.8C(80%)-4.8C-newstructure,1029.0,972.0431554564776,-56.95684454352249,56.95684454352249,5.535164678670796,-4.271781928623568,1.0986638707070708,0.0032284877935201,,33.92914533704784,36.97438163334141,10.036751245791278,-0.0031058000000001,mean_IR,"mean_QD,mean_Tavg",False
Batch2,Batch2_C045,45,5.6C(26%)-4.5C-newstructure,997.0,972.0431554564776,-24.956844543522493,24.956844543522493,2.5031940364616343,-4.175214949171005,1.1012188434343433,0.0083555804815894,,35.271412144027664,37.86687606904902,10.04019055555552,-0.0035545999999999,mean_IR,"mean_QD,mean_Tavg,mean_Tmax",False
Batch2,Batch2_C008,8,5.2C(58%)-4C-newstructure,904.0,909.4712987891072,5.471298789107209,5.471298789107209,0.6052321669366382,-4.10242248030074,1.0901590962626262,0.0122191485151954,0.016466365090909,33.59868374090274,35.674109782051225,10.03986983164983,-0.0007699999999999,,,False
