candidate,feature_set,model,n_features,Train_CV_MAPE_percent,Train_CV_MAPE_SD_pp,Train_CV_RMSE_cycles,Train_CV_R2,Valid_MAPE_percent,Valid_RMSE_cycles,Valid_R2,Train_Valid_Gap_pp,best_params,feature_names,selected
A_Core__Ridge,A_Core,Ridge,1,9.863648695562208,1.6766913041397347,99.02498560912859,0.41546278372556866,9.665098584513293,109.81122392484258,0.7189190637014555,-0.19855011104891496,"{""regressor__model__alpha"": 0.1}","[""log_var_delta_Q""]",False
A_Core__RandomForest,A_Core,RandomForest,1,9.15257942425111,1.8520263478626544,93.11906925629147,0.2642463254203187,9.25700218894013,100.81230743086401,0.7631000125851624,0.10442276468901923,"{""regressor__model__max_depth"": 3, ""regressor__model__min_samples_leaf"": 2}","[""log_var_delta_Q""]",False
A_Core__GradientBoosting,A_Core,GradientBoosting,1,9.931040699120725,2.0883324013323867,98.29856538223794,0.21872241963836245,10.294151607721107,114.01035243659302,0.6970112497740044,0.3631109086003814,"{""regressor__model__learning_rate"": 0.03, ""regressor__model__max_depth"": 1}","[""log_var_delta_Q""]",False
B_Expanded__Ridge,B_Expanded,Ridge,8,11.375893095311055,5.435450111374742,122.65301015829178,0.029277919275561125,10.434574649459995,106.45260874579004,0.7358500426269374,-0.94131844585106,"{""regressor__model__alpha"": 1.0}","[""log_var_delta_Q"", ""mean_QD"", ""std_QD"", ""mean_IR"", ""mean_Tavg"", ""mean_Tmax"", ""mean_chargetime"", ""delta_QD_100_10""]",False
B_Expanded__RandomForest,B_Expanded,RandomForest,8,9.49814473299376,2.480570160238316,90.88918123015254,0.2733490983851416,8.574583240869881,100.03319393690327,0.7667475584561347,-0.9235614921238788,"{""regressor__model__max_depth"": 3, ""regressor__model__min_samples_leaf"": 2}","[""log_var_delta_Q"", ""mean_QD"", ""std_QD"", ""mean_IR"", ""mean_Tavg"", ""mean_Tmax"", ""mean_chargetime"", ""delta_QD_100_10""]",True
B_Expanded__GradientBoosting,B_Expanded,GradientBoosting,8,9.200682636048114,1.9542004786379141,88.32310434896769,0.4136283268940127,9.318383141513754,106.16985745811424,0.7372514089288407,0.11770050546564015,"{""regressor__model__learning_rate"": 0.1, ""regressor__model__max_depth"": 1}","[""log_var_delta_Q"", ""mean_QD"", ""std_QD"", ""mean_IR"", ""mean_Tavg"", ""mean_Tmax"", ""mean_chargetime"", ""delta_QD_100_10""]",False
C_Charging_ablation__Ridge,C_Charging_ablation,Ridge,11,9.038538789663255,2.386822402783916,93.81506381806264,0.3453300186650782,9.967841298068542,116.22404094482675,0.6851310255147336,0.9293025084052875,"{""regressor__model__alpha"": 1.0}","[""log_var_delta_Q"", ""mean_QD"", ""std_QD"", ""mean_IR"", ""mean_Tavg"", ""mean_Tmax"", ""mean_chargetime"", ""delta_QD_100_10"", ""C1"", ""C2"", ""switch_pct""]",False
C_Charging_ablation__RandomForest,C_Charging_ablation,RandomForest,11,9.483533847484043,2.5771688528851904,89.7934406092894,0.25839183640365554,8.556686465977494,96.00227016602842,0.7851670296473556,-0.9268473815065494,"{""regressor__model__max_depth"": null, ""regressor__model__min_samples_leaf"": 2}","[""log_var_delta_Q"", ""mean_QD"", ""std_QD"", ""mean_IR"", ""mean_Tavg"", ""mean_Tmax"", ""mean_chargetime"", ""delta_QD_100_10"", ""C1"", ""C2"", ""switch_pct""]",False
C_Charging_ablation__GradientBoosting,C_Charging_ablation,GradientBoosting,11,9.196511753607322,2.3318014766744546,87.2383236561403,0.38897495644571894,9.385652475573693,112.47318923272047,0.705126362463987,0.18914072196637122,"{""regressor__model__learning_rate"": 0.03, ""regressor__model__max_depth"": 2}","[""log_var_delta_Q"", ""mean_QD"", ""std_QD"", ""mean_IR"", ""mean_Tavg"", ""mean_Tmax"", ""mean_chargetime"", ""delta_QD_100_10"", ""C1"", ""C2"", ""switch_pct""]",False
