batch,cell_id,source_cell_index,charging_policy,log_var_delta_Q,mean_QD,std_QD,mean_IR,mean_Tavg,mean_Tmax,mean_chargetime,delta_QD_100_10,C1,switch_pct,C2,cycle_life,target_available,feature_min_cycle,feature_max_cycle
Batch1,Batch1_C000,0,3.6C(80%)-3.6C,-5.014861042960788,1.0805965747474746,0.04656237053645519,0.01664332204040404,31.603747328822767,35.376748303030304,13.384230505050484,0.0013753000000000792,3.6,80.0,3.6,1190.0,True,2,100
Batch1,Batch1_C001,1,3.6C(80%)-3.6C,-5.013959617162855,1.0812468797979797,0.0011909795450513007,0.016921770387755098,31.33031430692745,34.16065478787879,13.374696464646446,0.000853100000000051,3.6,80.0,3.6,1179.0,True,2,100
Batch1,Batch1_C002,2,3.6C(80%)-3.6C,-4.7369997419805365,1.0853711969696969,0.0010255172720119404,0.016768978602040817,31.47958411321121,34.54464383838384,13.378886329966337,0.001158699999999957,3.6,80.0,3.6,1177.0,True,2,100
Batch1,Batch1_C003,3,4C(80%)-4C,-4.442613359277012,1.0849489696969699,0.0010963475152406647,0.016310912734693876,29.942198807956427,30.662263141414144,12.053277171717166,0.00044200000000005346,4.0,80.0,4.0,1226.0,True,2,100
Batch1,Batch1_C004,4,4C(80%)-4C,-4.647743660307859,1.082843531313131,0.001095028753107385,0.016668886163265305,31.44888383416564,34.38251588888889,12.053313636363642,0.0006920999999999733,4.0,80.0,4.0,1227.0,True,2,100
Batch1,Batch1_C005,5,4.4C(80%)-4.4C,-4.178877963304522,1.0803274434343435,0.0010474769149627693,0.016270388575757577,30.92149771366389,33.02000678787879,15.07576803030309,-0.0003965999999999692,4.4,80.0,4.4,1074.0,True,2,100
Batch1,Batch1_C006,6,4.8C(80%)-4.8C,-3.7688779002277237,1.0809117848484848,0.0011514053246823603,0.01667571006122449,32.27384521945563,35.79263145454546,10.04485760942758,-0.0018586000000000436,4.8,80.0,4.8,636.0,True,2,100
Batch1,Batch1_C007,7,4.8C(80%)-4.8C,-3.8134860773269867,1.0969264323232324,0.0008160083405221343,0.016213918408163264,31.990084509217034,35.32269474747474,10.044094528619514,-0.0018245000000001177,4.8,80.0,4.8,870.0,True,2,100
Batch1,Batch1_C008,8,5.4C(40%)-3.6C,-4.001194608771134,1.0947719373737375,0.0008728084188628772,0.016711705707070708,32.076506270161325,34.45206194949494,11.24361163299663,-3.7999999999982492e-06,5.4,40.0,3.6,879.0,True,2,100
Batch1,Batch1_C009,9,5.4C(40%)-3.6C,-4.059383677769545,1.0876998484848484,0.0009772024093552619,0.01683536523232323,32.64153361126789,35.98493365656566,11.241857609427619,0.0009996999999999368,5.4,40.0,3.6,1054.0,True,2,100
Batch1,Batch1_C010,10,5.4C(50%)-3C,-4.022573146487059,1.0817046181818184,0.001579220410833336,0.01656396842857143,33.208150668462316,36.87145022222223,11.688040235690274,0.0021002000000001075,5.4,50.0,3.0,906.0,True,2,100
Batch1,Batch1_C011,11,5.4C(50%)-3C,-4.146896530502188,1.060083885858586,0.0014342920160654257,0.016200727826530613,32.75932260623101,36.23175358585859,11.684114427609464,0.0018716000000000843,5.4,50.0,3.0,788.0,True,2,100
Batch1,Batch1_C012,12,5.4C(50%)-3.6C,-4.125190648988873,1.082155223232323,0.0008676591348281112,0.01643905623232323,33.4580219141428,37.448847525252525,10.68385405723906,0.0007700999999999958,5.4,50.0,3.6,902.0,True,2,100
Batch1,Batch1_C013,13,5.4C(50%)-3.6C,-4.048006457642694,1.0842732373737374,0.0008261310229366408,0.01703655094949495,32.09216634315908,34.67959250505051,10.685353013468022,-4.8000000000048004e-05,5.4,50.0,3.6,897.0,True,2,100
Batch1,Batch1_C014,14,5.4C(60%)-3C,-4.046069839990279,1.0761029171717171,0.0012270028331920458,0.016975001838383838,33.07746279993842,36.63094507070707,14.925935387205387,0.000999500000000042,5.4,60.0,3.0,880.0,True,2,100
Batch1,Batch1_C015,15,5.4C(60%)-3C,-4.017949103167607,1.0676568858585858,0.00140079990792507,0.016839986434343434,33.147720104395674,37.056188636363636,14.92770846801342,0.001147500000000079,5.4,60.0,3.0,719.0,True,2,100
Batch1,Batch1_C016,16,5.4C(60%)-3.6C,-4.099413675443745,1.0864695565656566,0.0012032831895770354,0.016697524142857145,32.41716254671688,35.85141423232323,10.12547436026938,0.0005359000000000336,5.4,60.0,3.6,862.0,True,2,100
Batch1,Batch1_C017,17,5.4C(60%)-3.6C,-3.970159451162403,1.0771062363636363,0.0010541182453571362,0.016676227535353534,32.088753858534446,35.43276257575758,10.13811205387206,0.0012254000000000431,5.4,60.0,3.6,857.0,True,2,100
Batch1,Batch1_C018,18,5.4C(70%)-3C,-3.650080545153841,1.086443382828283,0.18252118160147157,0.018004754414141413,31.831057275618022,35.415118353535355,9.925956313131316,-0.005023800000000023,5.4,70.0,3.0,691.0,True,2,100
Batch1,Batch1_C019,19,5.4C(70%)-3C,-3.6199068274368353,1.0883684717171715,0.0007718216160143594,0.01632486908080808,33.044085397077396,36.83902758585858,9.930255336700304,-0.0015537000000001022,5.4,70.0,3.0,788.0,True,2,100
Batch1,Batch1_C020,20,5.4C(80%)-5.4C,-3.367237410245857,1.0698410858585858,0.004184410419543684,0.015210366091836734,32.15292201754506,34.92834715151515,9.027207626262616,-0.014476399999999945,5.4,80.0,5.4,534.0,True,2,100
Batch1,Batch1_C021,21,5.4C(80%)-5.4C,-3.3503380515995875,1.082226497979798,0.0026137864433469775,0.015090236234693875,33.13697371135653,36.94892544444444,8.987271380471347,-0.009073200000000003,5.4,80.0,5.4,559.0,True,2,100
Batch1,Batch1_C022,22,6C(30%)-3.6C,-3.9521686731427805,1.082979815151515,0.0007437449096877575,0.0165919733030303,32.84391283877385,36.64192422222223,11.46291215488218,-0.0009717000000000198,6.0,30.0,3.6,891.0,True,2,100
Batch1,Batch1_C023,23,6C(30%)-3.6C,-4.0407936433278895,1.0824610575757576,0.00064132569857382,0.016824002585858585,31.99077454717494,34.8727843939394,11.458691784511789,-0.0009636000000001754,6.0,30.0,3.6,1014.0,True,2,100
Batch1,Batch1_C024,24,6C(40%)-3C,-3.938662523656534,1.0780331868686868,0.0007172188557690706,0.016587448888888887,33.378063951824195,36.866496545454545,12.128487205387225,-7.259999999997824e-05,6.0,40.0,3.0,1017.0,True,2,100
Batch1,Batch1_C025,25,6C(40%)-3C,-4.027888820540259,1.078847887878788,0.0007311050081300092,0.0165961417979798,33.848557073949294,37.990239878787875,12.137498080808081,-0.0003018999999999661,6.0,40.0,3.0,854.0,True,2,100
Batch1,Batch1_C026,26,6C(40%)-3.6C,-3.7952199967853435,1.0905742878787879,0.0008664365793143937,0.016285491838383837,33.15641406115227,36.41381293939394,10.800664208754247,-0.0016640999999999462,6.0,40.0,3.6,870.0,True,2,100
Batch1,Batch1_C027,27,6C(40%)-3.6C,-3.8537032000559392,1.0820360393939392,0.0007546205717510306,0.01609890666666667,33.89497000372245,37.51131004040404,10.803712340067367,-0.001266699999999954,6.0,40.0,3.6,842.0,True,2,100
Batch1,Batch1_C028,28,6C(50%)-3C,-3.844711807496199,1.0806956292929293,0.0005808473697885737,0.01668003754545454,33.773800525042,37.491157878787874,11.138253585858592,-0.0012768000000000779,6.0,50.0,3.0,860.0,True,2,100
Batch1,Batch1_C029,29,6C(50%)-3C,-3.8382817049630766,1.0827828212121215,0.0006456219175832134,0.016545523626262625,32.70415601771739,35.39940990909091,11.151875336700314,-0.00098240000000005,6.0,50.0,3.0,917.0,True,2,100
Batch1,Batch1_C030,30,6C(50%)-3.6C,-3.744699217898308,1.0828237171717172,0.0008262149778357217,0.01600942625252525,33.54008830692456,36.797617333333335,10.124524292929316,-0.001953399999999883,6.0,50.0,3.6,709.0,True,2,100
Batch1,Batch1_C031,31,6C(50%)-3.6C,-3.777732624088043,1.097068405050505,0.0009821231393733817,0.016865566141414143,30.375396745150564,30.709141161616163,10.126957558922545,-0.0027898000000001755,6.0,50.0,3.6,876.0,True,2,100
Batch1,Batch1_C032,32,6C(60%)-3C,-3.6464634970703615,1.0806714494949494,0.0007058238630044114,0.016167064252525253,33.08050304573434,36.23561784848484,10.129902676767715,-0.0016681999999998975,6.0,60.0,3.0,731.0,True,2,100
Batch1,Batch1_C033,33,6C(60%)-3C,-3.6670575975866413,1.0954916464646465,0.0009462319167455618,0.016483775656565655,33.67169761442224,37.731304424242424,10.129993047138067,-0.002425699999999864,6.0,60.0,3.0,757.0,True,2,100
Batch1,Batch1_C034,34,7C(30%)-3.6C,-3.848616157008837,1.0800699888888887,0.0007272870882621551,0.01685519708080808,32.66455167507311,36.08252629292929,11.035507962962974,-0.00040940000000011523,7.0,30.0,3.6,742.0,True,2,100
Batch1,Batch1_C035,35,7C(30%)-3.6C,-3.7726058155960294,1.0745076737373735,0.0007027143826541125,0.016967092292929295,32.09733437854189,34.87752171717172,11.036444074074083,-0.00013669999999987859,7.0,30.0,3.6,703.0,True,2,100
Batch1,Batch1_C036,36,7C(40%)-3C,-3.6695013425959444,1.0812765595959595,0.0007104421735963635,0.016437746262626264,32.04688205693082,33.970878757575754,11.554803670033683,-0.001297899999999963,7.0,40.0,3.0,704.0,True,2,100
Batch1,Batch1_C037,37,7C(40%)-3C,-3.673938893314921,1.0780300424242424,0.0007605825290446468,0.01654642202020202,32.95969887229894,36.05156987878787,11.561455202020227,-0.001513400000000109,7.0,40.0,3.0,648.0,True,2,100
Batch1,Batch1_C038,38,7C(40%)-3.6C,-3.4330481735466756,1.075801506060606,0.0006463898758454917,0.01621205696969697,33.69474656343401,37.29856363636363,10.23158840067342,-0.0010924999999999407,7.0,40.0,3.6,617.0,True,2,100
Batch1,Batch1_C039,39,7C(40%)-3.6C,-3.5045337204530713,1.085658998989899,0.0006974026916973628,0.016691104555555555,33.50643317156701,37.403860242424244,10.242025976430945,-0.0008420000000000094,7.0,40.0,3.6,625.0,True,2,100
Batch1,Batch1_C040,40,8C(15%)-3.6C,-4.0552127051547355,1.0869299777777777,0.0007304158641508088,0.01667927321212121,33.45968416375564,37.756139949494944,12.087224326599337,-0.0014332999999999707,8.0,15.0,3.6,966.0,True,2,100
Batch1,Batch1_C041,41,8C(15%)-3.6C,-4.071513969179501,1.082886786868687,0.0006614050883900506,0.016744890505050507,33.07332253245542,36.8232453030303,12.091290892255918,-0.0005790000000001072,8.0,15.0,3.6,1051.0,True,2,100
Batch1,Batch1_C042,42,8C(25%)-3.6C,-3.6658557852690015,1.083889183838384,0.0006395508190474782,0.01671562283838384,33.58506724391689,37.673212,11.178124326599383,-0.0004695000000001226,8.0,25.0,3.6,702.0,True,2,100
Batch1,Batch1_C043,43,8C(25%)-3.6C,-3.667779071634814,1.070522194949495,0.0008917599141955492,0.016104855565656565,33.339782658681436,36.82060524242424,11.17782324915825,-0.002598499999999948,8.0,25.0,3.6,651.0,True,2,100
Batch1,Batch1_C044,44,8C(35%)-3.6C,-3.42070000480644,1.0868420717171718,0.0011324582364728485,0.01741384996969697,32.55333216968653,35.79095866666667,10.258049427609434,-0.0035061000000000675,8.0,35.0,3.6,616.0,True,2,100
Batch1,Batch1_C045,45,8C(35%)-3.6C,-3.425292235698853,1.0871594505050506,0.0007692257379954453,0.016674251585858585,33.0005473910965,36.69642807070708,10.257274326599303,-0.0016899999999999693,8.0,35.0,3.6,599.0,True,2,100
Batch2,Batch2_C000,0,5.2C(58%)-4C,-3.4872647963011447,1.105088570707071,0.0031105730342623514,0.017335808494949492,31.808470926230026,35.36620380400637,10.17325806397317,0.0015544999999999032,5.2,58.0,4.0,477.0,True,2,100
Batch2,Batch2_C001,1,5.6C(26%)-4.5C,-3.2980513654760366,1.1049235595959594,0.003436063196507257,0.01755231991919192,33.60099815475848,36.451634705216804,10.198514225589118,-0.006769200000000142,5.6,26.0,4.5,491.0,True,2,100
Batch2,Batch2_C002,2,5.2C(50%)-4.25C,-3.4602483651128177,1.0746630466666667,0.011293903158766674,0.01646109804040404,33.17566129490617,37.429077970616994,10.17503702020208,-0.005759800000000093,5.2,50.0,4.25,424.0,True,2,100
Batch2,Batch2_C003,3,4.65C(44%)-5C,-3.496242996974693,1.1014852565656565,0.0030443226622133123,0.01591516953535354,33.93805810095692,38.772733971659186,10.173178956229002,0.001900600000000141,4.65,44.0,5.0,499.0,True,2,100
Batch2,Batch2_C004,4,4.65C(69%)-6C,-3.232506812226559,1.0859254535353535,0.0032305742589696083,0.016186317888888888,33.04820861652687,37.435182660123296,10.231960420875373,-0.009355000000000002,4.65,69.0,6.0,444.0,True,2,100
Batch2,Batch2_C005,5,3.6C(30%)-6C,-3.085881724279185,1.0879375151515152,0.01296949576213955,0.015297588929292928,33.01307013030371,37.65087846482749,10.198699713804725,-0.02270519999999987,3.6,30.0,6.0,416.0,True,2,100
Batch2,Batch2_C006,6,3.6C(9%)-5C,-3.53003968650195,1.0929755737373739,0.002911002426144214,0.016037468727272727,33.81904518975318,39.79713499833347,10.17931370370378,0.00025420000000009324,3.6,9.0,5.0,393.0,True,2,100
Batch2,Batch2_C007,7,4.8C(80%)-4.8C-newstructure,-4.231670089905405,1.0930350373737374,0.0024698310807556184,0.014790622575757575,33.769687089746824,37.14950685044426,10.035777525252517,0.00692769999999987,4.8,80.0,4.8,777.0,True,2,100
Batch2,Batch2_C008,8,5.2C(58%)-4C-newstructure,-4.10242248030074,1.0901590962626262,0.01221914851519545,0.016466365090909093,33.59868374090274,35.674109782051225,10.03986983164983,-0.0007699999999999374,5.2,58.0,4.0,904.0,True,2,100
Batch2,Batch2_C009,9,5.6C(26%)-4.5C-newstructure,-4.344425682662564,1.0975024424242423,0.001878552772318587,0.015396235121212121,32.3508526526095,33.58605048865401,10.039928501683493,-0.0010336999999998042,5.6,26.0,4.5,791.0,True,2,100
Batch2,Batch2_C010,10,4.8C(80%)-4.8C,-3.4509001132975605,1.1111783965656563,0.011659720700200233,0.01705791890909091,31.720791269063756,34.35574737651136,10.169499612794551,0.006365199999999849,4.8,80.0,4.8,492.0,True,2,100
Batch2,Batch2_C011,11,5.2C(50%)-4.25C,-3.485393220979881,1.1010659737373738,0.01436863062561724,0.01721894155555555,33.146477466034135,37.95576609273272,10.173883215488235,0.010471899999999978,5.2,50.0,4.25,449.0,True,2,100
Batch2,Batch2_C012,12,4.65C(44%)-5C,-3.1679683681509765,1.104144308080808,0.0021044591743401993,0.01652292034343434,31.314676947956993,33.5953920153671,10.174858552188601,0.0038705999999999463,4.65,44.0,5.0,466.0,True,2,100
Batch2,Batch2_C013,13,4.65C(69%)-6C,-3.3444477218838284,1.0949361080808082,0.0014655567238952023,0.016067178222222225,31.946988973926523,35.0716189725971,10.214119579124512,-0.001671499999999826,4.65,69.0,6.0,460.0,True,2,100
Batch2,Batch2_C014,14,3.6C(30%)-6C,-3.118519966248836,1.0792566424242422,0.0035360729254499553,0.016259522828282826,32.123877001585356,35.20046863818076,49.87950749158258,-0.007291900000000018,3.6,30.0,6.0,426.0,True,2,100
Batch2,Batch2_C015,15,3.6C(9%)-5C,-3.516251926776714,1.0750435303030301,0.0030415483252091372,0.016303822929292926,32.862747677246595,36.07268366663823,10.173053501683547,0.0058939000000000075,3.6,9.0,5.0,396.0,True,2,100
Batch2,Batch2_C016,16,4.8C(80%)-4.8C,-3.494880991874622,1.0970297515151517,0.0019939284871606953,0.01749052915151515,32.7673986704417,36.992036254667184,10.171620942760958,-0.0024861000000000466,4.8,80.0,4.8,472.0,True,2,100
Batch2,Batch2_C017,17,5.6C(26%)-4.5C,-3.5003441284740386,1.0939235666666667,0.002237246233426176,0.017088656323232324,32.988612809790894,34.74907966738554,10.181222777777869,0.0018574999999998454,5.6,26.0,4.5,471.0,True,2,100
Batch2,Batch2_C018,18,5.2C(50%)-4.25C,-3.707302736176298,1.0825073353535357,0.003542329844150284,0.016646742727272724,32.88627829858526,36.40182568496011,10.174147626262663,0.007177800000000012,5.2,50.0,4.25,449.0,True,2,100
Batch2,Batch2_C019,19,6C(60%)-3C,-3.291958004542694,1.094755986868687,0.0028535583597285785,0.016718258151515154,32.770067410122046,36.54883267067881,10.173763619528666,0.0006085999999998482,6.0,60.0,3.0,392.0,True,2,100
Batch2,Batch2_C020,20,5.2C(58%)-4C,-3.4413054314104006,1.1000841181818182,0.0021209181945641823,0.016610858888888892,33.61911118506716,36.88625705741767,49.79333134680135,0.0038581999999998118,5.2,58.0,4.0,489.0,True,2,100
Batch2,Batch2_C021,21,6C(60%)-3C,-3.326679075199306,1.1011154092929292,0.01110453899947567,0.017200276171717172,33.60118814118363,38.660766342322724,10.174732340067363,-0.002316299999999938,6.0,60.0,3.0,408.0,True,2,100
Batch2,Batch2_C022,22,VarCharge-2C-100cycles,-4.641168700608011,1.1021826104040404,0.10875360337038596,0.021770682,34.50224371401082,38.12900722940261,33.66724856902348,-0.009375200000000028,,,,,False,2,100
Batch2,Batch2_C023,23,VarCharge-4C-100cycles,-4.356254277157163,1.0962064574747474,0.1082648818940375,0.021160888999999992,34.147927604894626,35.52762158388801,21.78754757575758,-0.016581300000000132,,,,,False,2,100
Batch2,Batch2_C024,24,4.8C(80%)-4.8C,-3.6408852680750527,1.0963041979797978,0.00242381392904839,0.01651537671717172,33.206377241160645,38.17140352057085,10.16999885521886,0.00628659999999992,4.8,80.0,4.8,514.0,True,2,100
Batch2,Batch2_C025,25,5.2C(58%)-4C,-3.5344779300217333,1.1022470464646466,0.0024452608617701074,0.01674041588888889,32.23848796399698,34.442510549892894,10.172931649831627,0.005356099999999975,5.2,58.0,4.0,493.0,True,2,100
Batch2,Batch2_C026,26,5.6C(26%)-4.5C,-3.2220536077932804,1.10416721010101,0.002163467579712804,0.017700572575757578,33.75843376995604,36.91322322353181,49.8213119360269,4.099999999995774e-05,5.6,26.0,4.5,450.0,True,2,100
Batch2,Batch2_C027,27,5.2C(50%)-4.25C,-3.48620363289781,1.0985360303030303,0.0027241230846826517,0.01758869122222222,33.30411096115286,38.09066395642736,10.17464639730628,0.006948799999999977,5.2,50.0,4.25,474.0,True,2,100
Batch2,Batch2_C028,28,4.8C(80%)-4.8C,-3.4234111691232063,1.095054122222222,0.0024796335011265905,0.016274739303030306,32.143914131113334,35.334859521378185,49.80539951178444,0.005930200000000108,4.8,80.0,4.8,437.0,True,2,100
Batch2,Batch2_C029,29,5.2C(58%)-4C,-3.5082481790944344,1.1100257606060604,0.0037116416563656935,0.016732251515151515,31.797490897448796,34.43823202248059,10.173048585858563,0.010227500000000056,5.2,58.0,4.0,452.0,True,2,100
Batch2,Batch2_C030,30,5.6C(26%)-4.5C,-3.1854095592748743,1.0929829222222223,0.003471648455662709,0.016883249333333333,33.81182141567536,37.34308786098118,49.82939452861952,-0.005918899999999949,5.6,26.0,4.5,412.0,True,2,100
Batch2,Batch2_C031,31,5.6C(26%)-4.5C,-3.35235883148731,1.0998533494949494,0.0017860116806856774,0.016325805828282827,33.3758501254003,35.656391701768925,10.194512441077386,0.002072800000000097,5.6,26.0,4.5,425.0,True,2,100
Batch2,Batch2_C032,32,4.8C(80%)-4.8C-newstructure,-4.131466155166347,1.0900473909090909,0.0030514738774422585,0.014811171424242424,32.16894887045923,33.94637920302099,49.67143777777785,-0.003806299999999929,4.8,80.0,4.8,809.0,True,2,100
Batch2,Batch2_C033,33,5.2C(58%)-4C-newstructure,-4.23162831933775,1.0705903191919193,0.015028060800760778,0.014990987444444446,32.74157143407892,34.30263809635044,10.03956353535346,-0.005766399999999949,5.2,58.0,4.0,1140.0,True,2,100
Batch2,Batch2_C034,34,5.6C(26%)-4.5C-newstructure,-4.448585173324752,1.0671324676767675,0.0020980947717854693,0.01495288393939394,35.66789148456313,38.96110461672359,49.6776396632997,-0.0043455999999999495,5.6,26.0,4.5,1186.0,True,2,100
Batch2,Batch2_C035,35,VarCharge-6C-100cycles,-3.2189089608610653,1.0564124238383839,0.10393371169644983,0.020666520999999993,36.507257940976096,38.37857902090733,17.708760673400665,-0.03594419999999987,,,,,False,2,100
Batch2,Batch2_C036,36,VarCharge-8C-100cycles,-2.6849178093471577,1.0431138077777777,0.10162336243111596,0.02033557,38.56623803155033,41.3959147615797,16.394327962962983,-0.06289379999999989,,,,,False,2,100
Batch2,Batch2_C037,37,3.6C(80%)-3.6C(SLOWCYCLE,-4.770610886629153,1.0951420817171718,0.10921181852053999,0.017241923626262628,32.93003403034187,38.01191656898937,18.21994124579139,1.0824838,3.6,80.0,3.6,,False,2,100
Batch2,Batch2_C038,38,4.8C(80%)-4.8C(SLOWCYCLE,-4.215350254359975,1.0949971717171716,0.10838351697860539,0.01658499318181818,36.41258964127956,400.0,14.917342457912511,1.0762544,4.8,80.0,4.8,,False,2,100
Batch2,Batch2_C039,39,3.6C(9%)-5C(SLOWCYCLE,-3.3625834932774885,1.0819322909090907,0.10613576032788759,0.016808221434343434,32.886249589388996,37.62435433742629,14.922638872053804,1.0532462,3.6,9.0,5.0,,False,2,100
Batch2,Batch2_C040,40,5.2C(58%)-4C(SLOWCYCLE,-3.5995672762895525,1.0964519373737374,0.10815573986359557,,32.46931392128253,36.705870270590154,54.54489562289566,1.0758262,5.2,58.0,4.0,,False,2,100
Batch2,Batch2_C041,41,5.6C(26%)-4.5C,-3.1723658101769976,1.1059561515151515,0.001773037623849087,,30.193787010451164,32.72284623520075,49.81976715488214,0.003105399999999925,5.6,26.0,4.5,442.0,True,2,100
Batch2,Batch2_C042,42,5.2C(50%)-4.25C,-3.482587648007536,1.107131119191919,0.003431546416368161,,31.709620029469267,35.574378964676875,10.175111565656564,0.00849040000000012,5.2,50.0,4.25,474.0,True,2,100
Batch2,Batch2_C043,43,4.8C(80%)-4.8C-newstructure,-4.271781928623568,1.0986638707070708,0.0032284877935201545,,33.92914533704784,36.97438163334141,10.036751245791278,-0.0031058000000001584,4.8,80.0,4.8,1029.0,True,2,100
Batch2,Batch2_C044,44,5.2C(58%)-4C-newstructure,-4.36452348032534,1.0976287414141412,0.001290630019939643,,33.95995836968299,36.8790253111546,49.66138013468012,-0.0010189000000000448,5.2,58.0,4.0,841.0,True,2,100
Batch2,Batch2_C045,45,5.6C(26%)-4.5C-newstructure,-4.175214949171005,1.1012188434343433,0.008355580481589457,,35.271412144027664,37.86687606904902,10.040190555555519,-0.0035545999999999633,5.6,26.0,4.5,997.0,True,2,100
Batch2,Batch2_C046,46,4.8C(80%)-4.8C,-3.5088751328187002,1.102562018181818,0.0023167815676310576,,29.88150861827619,31.01220065415558,49.80284373737375,-0.001817100000000016,4.8,80.0,4.8,503.0,True,2,100
Batch3,Batch3_C000,0,5C(67%)-4C-newstructure,-4.245114870317645,1.0703864353535353,0.0006524584907139318,0.015235852282828284,32.194853230782606,33.560153344027476,10.042610084175084,-0.0009647000000001515,5.0,67.0,4.0,1009.0,True,2,100
Batch3,Batch3_C001,1,5.3C(54%)-4C-newstructure,-4.28554271039912,1.0677216717171716,0.0007058329505554828,0.014984559090909092,34.83231929224147,37.98835277556221,10.041381363636303,-0.001784299999999961,5.3,54.0,4.0,1063.0,True,2,100
Batch3,Batch3_C002,2,5.6C(19%)-4.6C-newstructure,-4.77938058992098,1.0620735151515153,0.0007432407954856966,0.014618566616161614,36.79033178065713,40.5242590441136,10.043663265993228,-0.0021739999999998982,5.6,19.0,4.6,1267.0,True,2,100
Batch3,Batch3_C003,3,5.6C(36%)-4.3C-newstructure,-4.116607770381197,1.0646530202020204,0.0006100444145723906,0.014999963767676767,36.08374244976545,39.4408972847914,10.041502946127975,-0.0015107999999999233,5.6,36.0,4.3,1115.0,True,2,100
Batch3,Batch3_C004,4,5.6C(19%)-4.6C-newstructure,-4.178465673149821,1.0745377696969698,0.0004883712387389834,0.015129103909090906,32.11715379681872,32.98110366119803,10.045573973063998,-0.0006804999999998618,5.6,19.0,4.6,1048.0,True,2,100
Batch3,Batch3_C005,5,5.6C(36%)-4.3C-newstructure,-4.114423974726586,1.0531571414141414,0.0006473749251210896,0.01518261805050505,35.56013985266867,39.69079276471186,10.042010656565727,-0.0018407000000000284,5.6,36.0,4.3,828.0,True,2,100
Batch3,Batch3_C006,6,3.7C(31%)-5.9C-newstructure,-3.5257081929454923,1.053759712121212,0.005816926229692818,0.013730660939393938,34.1072055276095,36.98765147763979,10.080923367003404,-0.01867390000000002,3.7,31.0,5.9,667.0,True,2,100
Batch3,Batch3_C007,7,4.8C(80%)-4.8C-newstructure,-4.488742187967907,1.0701774252525253,0.0006324969512459371,0.015428265515151515,32.79694473003086,34.27477909930834,11.040740218855252,-0.0018107999999998903,4.8,80.0,4.8,1836.0,True,2,100
Batch3,Batch3_C008,8,5C(67%)-4C-newstructure,-4.091803757442373,1.068006090909091,0.0006720693559464083,0.015253319353535355,33.05552416009523,35.07929651965403,10.043270673400722,-0.0009093000000000018,5.0,67.0,4.0,828.0,True,2,100
Batch3,Batch3_C009,9,5.3C(54%)-4C-newstructure,-3.982296953008088,1.0728593262626263,0.0005937099552272031,0.0157985837979798,33.08832983925303,35.09617884754773,10.04115065656567,-0.00033180000000010423,5.3,54.0,4.0,1039.0,True,2,100
Batch3,Batch3_C010,10,4.8C(80%)-4.8C-newstructure,-4.4113559240265765,1.06437858989899,0.0006076820119536643,0.01537307471717172,32.5348014795901,34.79216549532189,11.039443922558931,-0.0019160000000000288,4.8,80.0,4.8,1078.0,True,2,100
Batch3,Batch3_C011,11,5.6C(19%)-4.6C-newstructure,-3.884921164468091,1.0698276717171717,0.000735737434592881,0.015524714272727273,34.20373702283128,37.60932852326845,10.042466936026983,-0.002304900000000165,5.6,19.0,4.6,817.0,True,2,100
Batch3,Batch3_C012,12,5.6C(36%)-4.3C-newstructure,-3.9467899768101886,1.0763353797979798,0.0005043662948528863,0.016047835363636364,33.2205731520236,35.542101100869175,10.042442037037002,-0.001004299999999958,5.6,36.0,4.3,932.0,True,2,100
Batch3,Batch3_C013,13,5.6C(19%)-4.6C-newstructure,-4.094466485311571,1.0687136323232325,0.0008052083454341315,0.015128562717171716,34.11768528185422,37.233278981795394,10.042358249158227,-0.0016103999999999008,5.6,19.0,4.6,816.0,True,2,100
Batch3,Batch3_C014,14,5.6C(36%)-4.3C-newstructure,-3.999667694941731,1.077015806060606,0.0007718267956037002,0.015551921989898992,33.11953606667905,35.48777029470216,10.041858265993287,7.359999999989597e-05,5.6,36.0,4.3,858.0,True,2,100
Batch3,Batch3_C015,15,5.9C(15%)-4.6C-newstructure,-4.000684421929468,1.070546722222222,0.000644199376944936,0.015306011222222221,33.51055049283859,36.80771071001127,10.04163658249164,-0.001545099999999966,5.9,15.0,4.6,876.0,True,2,100
Batch3,Batch3_C016,16,4.8C(80%)-4.8C-newstructure,-4.694513499472995,1.0635088555555554,0.0007077409654153116,0.015311050717171716,34.94134876933804,37.832425406113444,11.040587407407404,-0.0010419999999999874,4.8,80.0,4.8,1638.0,True,2,100
Batch3,Batch3_C017,17,5.3C(54%)-4C-newstructure,-4.439713079764758,1.067047807070707,0.0013914454244544443,0.015443586646464644,35.07228784758459,37.40160198756502,10.042102811447801,-0.002462699999999929,5.3,54.0,4.0,1315.0,True,2,100
Batch3,Batch3_C018,18,5.6C(19%)-4.6C-newstructure,-4.254052001185467,1.0688689090909091,0.0009466437939751168,0.015015526535353539,35.2914180269327,37.97024186611959,10.04310829966328,-0.003002799999999972,5.6,19.0,4.6,1146.0,True,2,100
Batch3,Batch3_C019,19,5.6C(36%)-4.3C-newstructure,-4.171941874669042,1.0727208262626262,0.0009325075486465627,0.01546349318181818,35.09835953689969,37.876070766588285,10.043189629629584,-0.003026999999999891,5.6,36.0,4.3,1155.0,True,2,100
Batch3,Batch3_C020,20,5C(67%)-4C-newstructure,-4.066344693269561,1.067449897979798,0.0005548609507703324,0.015263322232323233,33.10212248197412,35.739254750947524,10.043380471380493,-0.0010921000000001513,5.0,67.0,4.0,813.0,True,2,100
Batch3,Batch3_C021,21,3.7C(31%)-5.9C-newstructure,-3.704326685729231,1.0619781898989897,0.004597956502521592,0.014093014131313133,34.900399416468076,37.9177756860133,10.079161515151517,-0.01478619999999986,3.7,31.0,5.9,772.0,True,2,100
Batch3,Batch3_C022,22,5.9C(60%)-3.1C-newstructure,-4.046822397094466,1.0581549232323233,0.0006720843655782787,0.015685687353535354,34.61069656408486,37.5322343873043,10.04255023569017,-0.0015982999999999414,5.9,60.0,3.1,1002.0,True,2,100
Batch3,Batch3_C023,23,4.8C(80%)-4.8C-newstructure,-4.5437899541111975,1.0681112222222222,0.0005980094640496638,0.01526148087878788,34.929390162261846,38.202055623468546,11.038375218855206,-0.0014676000000000133,4.8,80.0,4.8,,False,2,100
Batch3,Batch3_C024,24,5C(67%)-4C-newstructure,-4.155254994876533,1.050441208080808,0.0007341883081136376,0.015554037858585858,34.68760501613314,37.236331842653044,10.041832441077416,0.00012279999999997848,5.0,67.0,4.0,825.0,True,2,100
Batch3,Batch3_C025,25,5.3C(54%)-4C-newstructure,-4.1465607447332715,1.0648225050505051,0.0007014587880273204,0.015641851515151513,35.58186389191699,38.88624032121534,10.042413013468028,0.00016020000000005474,5.3,54.0,4.0,989.0,True,2,100
Batch3,Batch3_C026,26,5.6C(19%)-4.6C-newstructure,-4.219507413901045,1.075112296969697,0.0006104648834866028,0.015593572727272726,35.745916536891265,39.14135891629517,10.042290858585826,-0.0005151999999999379,5.6,19.0,4.6,1028.0,True,2,100
Batch3,Batch3_C027,27,5.6C(36%)-4.3C-newstructure,-4.130132310934438,1.0637090626262626,0.0006461001112776804,0.014919440515151516,35.30844806776433,38.44588898200405,10.045002356902378,-0.0010832000000000619,5.6,36.0,4.3,850.0,True,2,100
Batch3,Batch3_C028,28,3.7C(31%)-5.9C-newstructure,-3.451657893017001,1.0445220202020202,0.005707489343209764,0.01342088496969697,35.69688828820833,39.55791836716047,10.088611986532047,-0.018448300000000195,3.7,31.0,5.9,541.0,True,2,100
Batch3,Batch3_C029,29,5.9C(15%)-4.6C-newstructure,-4.0635761002012085,1.0705002696969699,0.0008073721228693948,0.014824126747474747,31.262889334066085,31.680285422399457,10.041979612794579,-0.00021099999999996122,5.9,15.0,4.6,858.0,True,2,100
Batch3,Batch3_C030,30,5.3C(54%)-4C-newstructure,-4.1002255467806545,1.0717059313131312,0.0005663031609764621,0.015572678929292929,32.24311941023021,33.95640656351435,10.04344259259257,-0.0006960999999998663,5.3,54.0,4.0,935.0,True,2,100
Batch3,Batch3_C031,31,5.9C(60%)-3.1C-newstructure,-3.8396030254357147,1.0707996878787878,0.0006479798904464651,0.015875272090909092,34.00003070157337,36.77304266866142,10.045700723905673,-0.0010414000000000811,5.9,60.0,3.1,731.0,True,2,100
Batch3,Batch3_C032,32,4.8C(80%)-4.8C-newstructure,-4.67335277212347,1.074329306060606,0.0005744737055168395,0.015372072949494947,35.436174962805026,38.1223484949636,11.039484747474773,-0.0012216999999998812,4.8,80.0,4.8,,False,2,100
Batch3,Batch3_C033,33,5C(67%)-4C-newstructure,-4.395898333073689,1.062159194949495,0.0006018904487705112,0.015340797171717173,33.10710984192206,34.284327507895505,10.043259696969717,-0.0015305000000001012,5.0,67.0,4.0,1284.0,True,2,100
Batch3,Batch3_C034,34,5.3C(54%)-4C-newstructure,-4.305659504591576,1.063246013131313,0.0007925772290505659,0.015302312080808081,35.77943527518051,38.98815031750086,10.043539814814821,-0.002482799999999896,5.3,54.0,4.0,1158.0,True,2,100
Batch3,Batch3_C035,35,5.6C(19%)-4.6C-newstructure,-4.234858289724564,1.0644993393939395,0.0006889583869454528,0.01537437201010101,35.532941501822236,38.53730929443863,10.043588619528593,-0.0019807000000000574,5.6,19.0,4.6,1093.0,True,2,100
Batch3,Batch3_C036,36,5.6C(36%)-4.3C-newstructure,-4.253457920681209,1.0593632474747476,0.0008542720214315269,0.0151344318989899,35.87907157748097,39.38680749559564,10.043494949494974,-0.0022610000000000685,5.6,36.0,4.3,923.0,True,2,100
Batch3,Batch3_C037,37,4.8C(80%)-4.8C-newstructure,-5.098855849397497,1.049442304040404,0.0019058023829454747,0.014715773414141417,35.01461049108638,37.82132622347397,11.038428198653161,-0.0003543000000001406,4.8,80.0,4.8,1390.0,True,2,100
Batch3,Batch3_C038,38,5C(67%)-4C-newstructure,-4.342053043792284,1.0719827515151514,0.0004599846346953916,0.01583589924242424,34.745836319764145,37.739090670595026,10.043707962962927,-0.0012724000000001734,5.0,67.0,4.0,1935.0,True,2,100
Batch3,Batch3_C039,39,5.3C(54%)-4C-newstructure,-4.454635076566319,1.0505830505050504,0.0007780722204785113,0.015563160080808082,33.887021839840784,36.074946023996944,10.043092710437712,-0.0009133999999999531,5.3,54.0,4.0,1156.0,True,2,100
Batch3,Batch3_C040,40,5.6C(19%)-4.6C-newstructure,-4.29510827493732,1.062999387878788,0.0008155671570181545,0.015390749383838383,34.05341123035083,37.527810173662246,10.043764865319858,-0.001472299999999871,5.6,19.0,4.6,796.0,True,2,100
Batch3,Batch3_C041,41,5.6C(36%)-4.3C-newstructure,-4.2195093707566445,1.0543741434343434,0.0006872741398439975,0.018306992535353537,33.640262798950594,36.62919119540175,10.043162962962906,0.0003908999999999718,5.6,36.0,4.3,786.0,True,2,100
Batch3,Batch3_C042,42,4.8C(80%)-4.8C-newstructure,-4.346194685061839,1.0695203565656566,0.00047260800021764606,0.016131830323232323,33.03326599301577,35.57262282220451,11.03849814814812,-0.00015739999999997423,4.8,80.0,4.8,1642.0,True,2,100
Batch3,Batch3_C043,43,5C(67%)-4C-newstructure,-4.316748020025344,1.0728844272727274,0.00047074603032308483,0.015828501373737373,33.89526904792961,36.95614928561784,10.043652104377044,-0.0001888000000001,5.0,67.0,4.0,1046.0,True,2,100
Batch3,Batch3_C044,44,5.3C(54%)-4C-newstructure,-4.131495522376496,1.07331738989899,0.000689991490703951,0.015572503777777776,33.35164903826186,36.336163666791506,10.043212407407367,0.00018009999999990534,5.3,54.0,4.0,940.0,True,2,100
Batch3,Batch3_C045,45,4.8C(80%)-4.8C-newstructure,-4.5208508005857535,1.0714658575757574,0.0004595824842337534,0.015618692474747477,32.72596355233115,34.6817726725469,11.038587558922575,-0.00020569999999997535,4.8,80.0,4.8,1801.0,True,2,100
