candidate,outer_fold,fit_n,evaluate_n,MAPE_percent,RMSE_cycles,R2,best_params
A_Core__Ridge,1,27,7,12.253908710441424,87.64318751172051,0.3648452423209456,"{""regressor__model__alpha"": 1.0}"
A_Core__Ridge,2,27,7,9.254799357436585,107.52501037920484,0.5656169519294236,"{""regressor__model__alpha"": 0.1}"
A_Core__Ridge,3,27,7,10.276350792492869,121.33775723922481,0.3685007289438236,"{""regressor__model__alpha"": 0.1}"
A_Core__Ridge,4,27,7,10.826881732538434,122.63494840457275,-0.31637865065793025,"{""regressor__model__alpha"": 0.1}"
A_Core__Ridge,5,28,6,9.524926041851407,89.6820511279278,0.8450572744208625,"{""regressor__model__alpha"": 1.0}"
A_Core__Ridge,6,27,7,6.3134589944467505,62.69547732535832,-0.20030300239101262,"{""regressor__model__alpha"": 0.1}"
A_Core__Ridge,7,27,7,11.818743527358471,94.43691918166618,0.4347191778148989,"{""regressor__model__alpha"": 10.0}"
A_Core__Ridge,8,27,7,8.94648352542159,113.00096690179984,0.6766631591020544,"{""regressor__model__alpha"": 0.1}"
A_Core__Ridge,9,27,7,10.297989614788426,99.50816302095943,0.7920120255751976,"{""regressor__model__alpha"": 0.1}"
A_Core__Ridge,10,28,6,9.122944658846137,91.78537499885144,0.6238949301974226,"{""regressor__model__alpha"": 0.1}"
A_Core__RandomForest,1,27,7,12.543770335295351,119.53293067638077,-0.1814582041623154,"{""regressor__model__max_depth"": 3, ""regressor__model__min_samples_leaf"": 2}"
A_Core__RandomForest,2,27,7,6.490578992338018,56.44799743795117,0.8802843408856411,"{""regressor__model__max_depth"": 3, ""regressor__model__min_samples_leaf"": 2}"
A_Core__RandomForest,3,27,7,9.091904997543496,95.31760689021897,0.6103028881674263,"{""regressor__model__max_depth"": 3, ""regressor__model__min_samples_leaf"": 2}"
A_Core__RandomForest,4,27,7,8.83924432634854,112.3065049568925,-0.10398239723549851,"{""regressor__model__max_depth"": 3, ""regressor__model__min_samples_leaf"": 2}"
A_Core__RandomForest,5,28,6,9.672554406053381,89.71479551819958,0.8449441094960566,"{""regressor__model__max_depth"": 3, ""regressor__model__min_samples_leaf"": 2}"
A_Core__RandomForest,6,27,7,10.830653896416239,102.08239427868622,-2.1821464369689667,"{""regressor__model__max_depth"": null, ""regressor__model__min_samples_leaf"": 2}"
A_Core__RandomForest,7,27,7,10.612536605655292,86.15969515176589,0.5294682453669861,"{""regressor__model__max_depth"": 3, ""regressor__model__min_samples_leaf"": 2}"
A_Core__RandomForest,8,27,7,8.839040083170815,103.16447717718901,0.730504675599039,"{""regressor__model__max_depth"": 3, ""regressor__model__min_samples_leaf"": 2}"
A_Core__RandomForest,9,27,7,7.407501626911355,76.25198249488545,0.8778697949039451,"{""regressor__model__max_depth"": 3, ""regressor__model__min_samples_leaf"": 2}"
A_Core__RandomForest,10,28,6,7.198008972778602,90.21230798074508,0.6366762381508729,"{""regressor__model__max_depth"": 3, ""regressor__model__min_samples_leaf"": 2}"
A_Core__GradientBoosting,1,27,7,13.85562155734212,124.09712214848223,-0.27340528419615406,"{""regressor__model__learning_rate"": 0.03, ""regressor__model__max_depth"": 1}"
A_Core__GradientBoosting,2,27,7,7.150517888364841,65.08695434925535,0.8408371226239038,"{""regressor__model__learning_rate"": 0.03, ""regressor__model__max_depth"": 1}"
A_Core__GradientBoosting,3,27,7,8.364609755981338,90.30487219989654,0.6502133005054809,"{""regressor__model__learning_rate"": 0.03, ""regressor__model__max_depth"": 1}"
A_Core__GradientBoosting,4,27,7,9.00252398065593,110.32240496596373,-0.06531922895145637,"{""regressor__model__learning_rate"": 0.03, ""regressor__model__max_depth"": 1}"
A_Core__GradientBoosting,5,28,6,11.215183211919705,108.04260823608897,0.7751203037169708,"{""regressor__model__learning_rate"": 0.03, ""regressor__model__max_depth"": 1}"
A_Core__GradientBoosting,6,27,7,11.836111429629256,105.28617675831403,-2.3850195171674917,"{""regressor__model__learning_rate"": 0.1, ""regressor__model__max_depth"": 2}"
A_Core__GradientBoosting,7,27,7,10.847401156767452,85.56352430900023,0.5359572843688662,"{""regressor__model__learning_rate"": 0.03, ""regressor__model__max_depth"": 1}"
A_Core__GradientBoosting,8,27,7,10.574749876664233,127.79990950455796,0.5864272037533373,"{""regressor__model__learning_rate"": 0.03, ""regressor__model__max_depth"": 1}"
A_Core__GradientBoosting,9,27,7,8.728717235625417,77.94112488127675,0.8723989799158003,"{""regressor__model__learning_rate"": 0.03, ""regressor__model__max_depth"": 1}"
A_Core__GradientBoosting,10,28,6,7.734970898256948,88.54095646954367,0.6500140318143673,"{""regressor__model__learning_rate"": 0.03, ""regressor__model__max_depth"": 1}"
B_Expanded__Ridge,1,27,7,16.71034606613739,146.36331008616432,-0.7713634235414073,"{""regressor__model__alpha"": 10.0}"
B_Expanded__Ridge,2,27,7,7.303628048547658,87.58811719854903,0.7117666271697682,"{""regressor__model__alpha"": 1.0}"
B_Expanded__Ridge,3,27,7,8.94542378299088,84.62663756975903,0.6928184707772778,"{""regressor__model__alpha"": 1.0}"
B_Expanded__Ridge,4,27,7,10.216477489161543,110.51922313170232,-0.06912373645552816,"{""regressor__model__alpha"": 1.0}"
B_Expanded__Ridge,5,28,6,9.257859186912592,110.45594474987723,0.7649618741137396,"{""regressor__model__alpha"": 0.1}"
B_Expanded__Ridge,6,27,7,8.943462684833365,86.50013421207603,-1.2848201946645426,"{""regressor__model__alpha"": 10.0}"
B_Expanded__Ridge,7,27,7,7.6718932803158,74.87515205136286,0.6446502083384807,"{""regressor__model__alpha"": 10.0}"
B_Expanded__Ridge,8,27,7,24.867345229339275,318.368070454502,-1.5665509035987735,"{""regressor__model__alpha"": 0.1}"
B_Expanded__Ridge,9,27,7,8.649981146532497,83.55163980921121,0.8533673230376698,"{""regressor__model__alpha"": 10.0}"
B_Expanded__Ridge,10,28,6,11.192514038339548,123.68187231971356,0.3170729475789267,"{""regressor__model__alpha"": 0.1}"
B_Expanded__RandomForest,1,27,7,15.095187992854811,116.18287862852657,-0.11616266788078011,"{""regressor__model__max_depth"": null, ""regressor__model__min_samples_leaf"": 2}"
B_Expanded__RandomForest,2,27,7,5.795405540446499,52.92909813549743,0.8947449673572959,"{""regressor__model__max_depth"": null, ""regressor__model__min_samples_leaf"": 2}"
B_Expanded__RandomForest,3,27,7,9.396152040929369,102.14722805640152,0.5524576907219951,"{""regressor__model__max_depth"": null, ""regressor__model__min_samples_leaf"": 2}"
B_Expanded__RandomForest,4,27,7,8.107860311516841,102.37632714039272,0.08261546588852975,"{""regressor__model__max_depth"": null, ""regressor__model__min_samples_leaf"": 2}"
B_Expanded__RandomForest,5,28,6,10.337349119278043,92.14117777011434,0.836443561623676,"{""regressor__model__max_depth"": 3, ""regressor__model__min_samples_leaf"": 2}"
B_Expanded__RandomForest,6,27,7,11.130740545803775,106.4531308795493,-2.4604720350288174,"{""regressor__model__max_depth"": null, ""regressor__model__min_samples_leaf"": 2}"
B_Expanded__RandomForest,7,27,7,9.988977524117617,81.51645111893426,0.578816684843358,"{""regressor__model__max_depth"": null, ""regressor__model__min_samples_leaf"": 2}"
B_Expanded__RandomForest,8,27,7,9.086236554219166,102.50601713214768,0.73393387146014,"{""regressor__model__max_depth"": null, ""regressor__model__min_samples_leaf"": 2}"
B_Expanded__RandomForest,9,27,7,8.381630668396825,80.357345832258,0.864364936534717,"{""regressor__model__max_depth"": 3, ""regressor__model__min_samples_leaf"": 2}"
B_Expanded__RandomForest,10,28,6,7.661907032374636,72.28215760770362,0.7667485083313016,"{""regressor__model__max_depth"": null, ""regressor__model__min_samples_leaf"": 2}"
B_Expanded__GradientBoosting,1,27,7,13.433385552671345,97.21140508071417,0.21859233293524605,"{""regressor__model__learning_rate"": 0.1, ""regressor__model__max_depth"": 1}"
B_Expanded__GradientBoosting,2,27,7,6.685759940574624,66.6652851057418,0.8330242650454901,"{""regressor__model__learning_rate"": 0.1, ""regressor__model__max_depth"": 1}"
B_Expanded__GradientBoosting,3,27,7,8.32738093317354,83.35657753184584,0.7019695237070036,"{""regressor__model__learning_rate"": 0.1, ""regressor__model__max_depth"": 1}"
B_Expanded__GradientBoosting,4,27,7,10.034229985643439,108.25833821189781,-0.02582915366118188,"{""regressor__model__learning_rate"": 0.1, ""regressor__model__max_depth"": 2}"
B_Expanded__GradientBoosting,5,28,6,9.724437568227483,83.91035878244139,0.8643589064575337,"{""regressor__model__learning_rate"": 0.03, ""regressor__model__max_depth"": 1}"
B_Expanded__GradientBoosting,6,27,7,9.117058103621401,87.42233898359204,-1.3337982495434595,"{""regressor__model__learning_rate"": 0.1, ""regressor__model__max_depth"": 1}"
B_Expanded__GradientBoosting,7,27,7,6.592628515753515,63.4639919816083,0.7447090594907531,"{""regressor__model__learning_rate"": 0.1, ""regressor__model__max_depth"": 1}"
B_Expanded__GradientBoosting,8,27,7,9.98264090929792,112.20755143059996,0.6811877190810611,"{""regressor__model__learning_rate"": 0.1, ""regressor__model__max_depth"": 1}"
B_Expanded__GradientBoosting,9,27,7,9.738268338384195,87.7089137848953,0.8384123099445884,"{""regressor__model__learning_rate"": 0.03, ""regressor__model__max_depth"": 1}"
B_Expanded__GradientBoosting,10,28,6,8.371036513133669,93.0262825963401,0.6136565554830922,"{""regressor__model__learning_rate"": 0.03, ""regressor__model__max_depth"": 2}"
C_Charging_ablation__Ridge,1,27,7,15.17343621115001,131.4433273178405,-0.4286318091538519,"{""regressor__model__alpha"": 10.0}"
C_Charging_ablation__Ridge,2,27,7,7.087644620598846,70.37174660940656,0.8139410599020793,"{""regressor__model__alpha"": 1.0}"
C_Charging_ablation__Ridge,3,27,7,8.219363462117201,80.57696672105129,0.7215143919667637,"{""regressor__model__alpha"": 1.0}"
C_Charging_ablation__Ridge,4,27,7,9.25533163855763,109.54495920869174,-0.05035745142790793,"{""regressor__model__alpha"": 1.0}"
C_Charging_ablation__Ridge,5,28,6,6.814473812275666,93.9237783418242,0.8300538868653122,"{""regressor__model__alpha"": 1.0}"
C_Charging_ablation__Ridge,6,27,7,8.472110065712242,82.19568103753006,-1.0630818693286064,"{""regressor__model__alpha"": 10.0}"
C_Charging_ablation__Ridge,7,27,7,10.357167867378024,88.26167196431831,0.5062297375651825,"{""regressor__model__alpha"": 0.1}"
C_Charging_ablation__Ridge,8,27,7,7.709594289767474,79.19818324049585,0.841174105424006,"{""regressor__model__alpha"": 10.0}"
C_Charging_ablation__Ridge,9,27,7,8.517226917516341,93.12518391060131,0.8178391289560892,"{""regressor__model__alpha"": 1.0}"
C_Charging_ablation__Ridge,10,28,6,8.779039011559126,109.50913982886655,0.4646190058817149,"{""regressor__model__alpha"": 1.0}"
C_Charging_ablation__RandomForest,1,27,7,14.151354586745308,105.69560557270492,0.07624438761557839,"{""regressor__model__max_depth"": null, ""regressor__model__min_samples_leaf"": 2}"
C_Charging_ablation__RandomForest,2,27,7,5.158501873824382,50.317544903596776,0.9048754165935832,"{""regressor__model__max_depth"": null, ""regressor__model__min_samples_leaf"": 2}"
C_Charging_ablation__RandomForest,3,27,7,9.159605392518342,99.92126887300505,0.5717505561257634,"{""regressor__model__max_depth"": null, ""regressor__model__min_samples_leaf"": 2}"
C_Charging_ablation__RandomForest,4,27,7,9.878747227354056,109.94463373750916,-0.058035886733945,"{""regressor__model__max_depth"": null, ""regressor__model__min_samples_leaf"": 2}"
C_Charging_ablation__RandomForest,5,28,6,10.208586515478713,89.30699539231011,0.8463505241385106,"{""regressor__model__max_depth"": 3, ""regressor__model__min_samples_leaf"": 2}"
C_Charging_ablation__RandomForest,6,27,7,11.711446602637844,110.31648762242126,-2.7162020429881055,"{""regressor__model__max_depth"": 3, ""regressor__model__min_samples_leaf"": 2}"
C_Charging_ablation__RandomForest,7,27,7,10.581652509240609,84.78771389791571,0.5443341495998966,"{""regressor__model__max_depth"": 3, ""regressor__model__min_samples_leaf"": 2}"
C_Charging_ablation__RandomForest,8,27,7,9.40770168050413,103.56081836435563,0.7284299832802832,"{""regressor__model__max_depth"": null, ""regressor__model__min_samples_leaf"": 2}"
C_Charging_ablation__RandomForest,9,27,7,8.447882907467722,81.75462214150977,0.8596070050799511,"{""regressor__model__max_depth"": 3, ""regressor__model__min_samples_leaf"": 2}"
C_Charging_ablation__RandomForest,10,28,6,6.129859179069317,62.328715587565604,0.8265642713250396,"{""regressor__model__max_depth"": 3, ""regressor__model__min_samples_leaf"": 2}"
C_Charging_ablation__GradientBoosting,1,27,7,14.49681683890294,113.30062104114187,-0.06147020474109066,"{""regressor__model__learning_rate"": 0.03, ""regressor__model__max_depth"": 2}"
C_Charging_ablation__GradientBoosting,2,27,7,5.957611934160785,63.20222226028986,0.8499214656459738,"{""regressor__model__learning_rate"": 0.1, ""regressor__model__max_depth"": 1}"
C_Charging_ablation__GradientBoosting,3,27,7,8.309835396215236,84.59412251517004,0.6930544746098815,"{""regressor__model__learning_rate"": 0.1, ""regressor__model__max_depth"": 1}"
C_Charging_ablation__GradientBoosting,4,27,7,10.603935498073795,111.79561570744204,-0.09396107435486933,"{""regressor__model__learning_rate"": 0.1, ""regressor__model__max_depth"": 2}"
C_Charging_ablation__GradientBoosting,5,28,6,9.90669590251428,84.34138882079269,0.8629618072469568,"{""regressor__model__learning_rate"": 0.03, ""regressor__model__max_depth"": 1}"
C_Charging_ablation__GradientBoosting,6,27,7,9.428610089013945,88.07636902068197,-1.3688484159281828,"{""regressor__model__learning_rate"": 0.03, ""regressor__model__max_depth"": 2}"
C_Charging_ablation__GradientBoosting,7,27,7,7.299173138926045,70.01316749183987,0.6893008373306988,"{""regressor__model__learning_rate"": 0.1, ""regressor__model__max_depth"": 1}"
C_Charging_ablation__GradientBoosting,8,27,7,9.514007203135673,105.8969628246778,0.7160395336905907,"{""regressor__model__learning_rate"": 0.1, ""regressor__model__max_depth"": 1}"
C_Charging_ablation__GradientBoosting,9,27,7,7.3770755100261525,69.94483400873081,0.8972381071829346,"{""regressor__model__learning_rate"": 0.1, ""regressor__model__max_depth"": 2}"
C_Charging_ablation__GradientBoosting,10,28,6,9.071356025104347,81.21793287063612,0.7055130337742959,"{""regressor__model__learning_rate"": 0.1, ""regressor__model__max_depth"": 2}"
